condition	n_calls	n_unique_samples	n_genes	median_error_rate	mean_error_rate	min_error_rate	max_error_rate	median_qv_fraction	mean_qv_fraction
CMRGs-30X	11674	36	326	0.000387040585348282	0.00396884121432919	3.28647248021743e-06	0.443588596087075	0.96	0.91989292444749
SVs-30X	14862	62	265	0.000828694781668003	0.00826384044309601	2.35982609904134e-06	0.482083182945169	0.98	0.940061229982506
