tool	total_calls	pct_high	pct_mid_or_higher	pct_low_or_worse
cosigt	24648	86.87520285621551	95.8089905874716	4.1910094125284
locityper	24648	85.99480688088283	93.41123012009088	6.588769879909121
