gene	region	samples_with_data	samples_with_data_poss	sample_accuracy_cosigt	haplotype_accuracy_cosigt	sample_accuracy_poss_cosigt	haplotype_accuracy_poss_cosigt	sample_accuracy_t1k	haplotype_accuracy_t1k	sample_accuracy_poss_t1k	haplotype_accuracy_poss_t1k
HLA-A	chr6_29942252_29945756	903	873	0.828349944629014	0.909745293466224	0.856815578465063	0.925544100801833	0.937984496124031	0.96843853820598	0.970217640320733	0.985108820160367
HLA-B	chr6_31353361_31357442	856	804	0.831775700934579	0.910630841121495	0.885572139303483	0.939676616915423	0.863317757009346	0.929906542056075	0.919154228855721	0.958955223880597
HLA-C	chr6_31268253_31272571	964	964	0.924273858921162	0.961099585062241	0.924273858921162	0.961099585062241	0.931535269709544	0.964730290456432	0.931535269709544	0.964730290456432
HLA-DPA1	chr6_33064318_33074093	390	384	0.930769230769231	0.965384615384615	0.9453125	0.97265625	0.928205128205128	0.964102564102564	0.942708333333333	0.971354166666667
HLA-DPB1	chr6_33075675_33087201	769	769	0.811443433029909	0.901170351105332	0.811443433029909	0.901170351105332	0.811443433029909	0.900520156046814	0.811443433029909	0.900520156046814
HLA-DQA1	chr6_32636716_32643200	842	842	0.33729216152019	0.605700712589074	0.33729216152019	0.605700712589074	0.334916864608076	0.613420427553444	0.334916864608076	0.613420427553444
HLA-DQB1	chr6_32660030_32667132	832	830	0.913461538461538	0.954927884615385	0.91566265060241	0.956024096385542	0.930288461538462	0.964543269230769	0.932530120481928	0.96566265060241
