gene	region	samples_with_data	samples_with_data_poss	sample_accuracy_cosigt	haplotype_accuracy_cosigt	sample_accuracy_poss_cosigt	haplotype_accuracy_poss_cosigt	sample_accuracy_t1k	haplotype_accuracy_t1k	sample_accuracy_poss_t1k	haplotype_accuracy_poss_t1k
HLA-A	chr6_29942252_29945756	1039	1007	0.838306063522618	0.914340712223292	0.864945382323734	0.929493545183714	0.943214629451396	0.970163618864293	0.973187686196624	0.98609731876862
HLA-B	chr6_31353361_31357442	901	846	0.834628190899001	0.911764705882353	0.888888888888889	0.941489361702128	0.865704772475028	0.930632630410655	0.921985815602837	0.960401891252955
HLA-C	chr6_31268253_31272571	1067	1067	0.926897844423618	0.961574507966261	0.926897844423618	0.961574507966261	0.935332708528585	0.965791940018744	0.935332708528585	0.965791940018744
HLA-DPA1	chr6_33064318_33074093	1079	1068	0.969416126042632	0.984708063021316	0.97940074906367	0.989700374531835	0.967562557924004	0.983317886932345	0.97752808988764	0.988295880149813
HLA-DPB1	chr6_33075675_33087201	929	929	0.82454251883746	0.907427341227126	0.82454251883746	0.907427341227126	0.823466092572659	0.905812701829925	0.823466092572659	0.905812701829925
HLA-DQA1	chr6_32636716_32643200	978	978	0.343558282208589	0.576687116564417	0.343558282208589	0.576687116564417	0.341513292433538	0.583333333333333	0.341513292433538	0.583333333333333
HLA-DQB1	chr6_32660030_32667132	1009	1007	0.918731417244797	0.957879088206145	0.920556107249255	0.958788480635551	0.936570862239841	0.966303270564916	0.938430983118173	0.967229394240318
