experiment	n_observations	cosigt_better_count	locityper_better_count	pct_cosigt_better	pct_locityper_better	mean_abs_diff	median_abs_diff
aDNA-1X-0	48	48	0	100	0	0.05824269343969684	0.009288918360407648
aDNA-1X-10	48	48	0	100	0	0.05798348425628047	0.00884985317621784
aDNA-2X-0	48	48	0	100	0	0.05475534219676143	0.0048146324237514715
aDNA-2X-10	48	48	0	100	0	0.05439928538395612	0.005064466606653685
