experiment	n_genes	cosigt_better	locityper_better	pct_cosigt_better	pct_locityper_better	median_abs_diff	mean_abs_diff
aDNA-1X-0	48	48	0	100	0	0.009288918360407648	0.05824269343969684
aDNA-1X-10	48	48	0	100	0	0.00884985317621784	0.05798348425628047
aDNA-2X-0	48	48	0	100	0	0.0048146324237514715	0.05475534219676143
aDNA-2X-10	48	48	0	100	0	0.005064466606653685	0.05439928538395612
