experiment	tool	total_calls	n_failed	pct_failed	n_unknown	pct_unknown	pct_high	pct_mid_or_higher	pct_low_or_worse
aDNA-1X-0	cosigt	3648	0	0	0	0	79.00219298245614	94.49013157894737	5.509868421052632
aDNA-1X-0	locityper	3648	0	0	10	0.2741228070175439	11.430921052631579	45.833333333333336	54.166666666666664
aDNA-1X-10	cosigt	3648	0	0	0	0	77.24780701754386	94.02412280701755	5.975877192982456
aDNA-1X-10	locityper	3648	0	0	4	0.10964912280701754	11.513157894736842	46.62828947368421	53.37171052631579
aDNA-2X-0	cosigt	3648	0	0	0	0	85.91008771929825	95.77850877192982	4.2214912280701755
aDNA-2X-0	locityper	3648	0	0	21	0.5756578947368421	31.93530701754386	59.01864035087719	40.98135964912281
aDNA-2X-10	cosigt	3648	0	0	0	0	83.33333333333333	95.20285087719299	4.797149122807017
aDNA-2X-10	locityper	3648	0	0	24	0.6578947368421053	30.89364035087719	59.62171052631579	40.37828947368421
