quintile	n_calls	n_genes	total_calls	pct_of_total
Q1: 0.0-0.2	13	6	14862	0.08747140357959898
Q2: 0.2-0.4	137	30	14862	0.9218140223388508
Q3: 0.4-0.6	301	48	14862	2.0252994213430227
Q4: 0.6-0.8	913	147	14862	6.1431839590902975
Q5: 0.8-1.0	13498	264	14862	90.82223119364824
