n_genes	cosigt_better	locityper_better	pct_cosigt_better	pct_locityper_better	median_abs_diff	mean_abs_diff
326	31	295	9.50920245398773	90.49079754601227	2.7390409200699425e-5	0.0023848911660495995
