tool	total_calls	pct_high	pct_mid_or_higher	pct_low_or_worse
cosigt	24648	93.88997078870497	97.91463810451152	2.085361895488478
locityper	24636	98.26270498457542	99.10699788926773	0.8930021107322618
