n_genes	cosigt_better	locityper_better	pct_cosigt_better	pct_locityper_better	median_abs_diff	mean_abs_diff
265	166	99	62.64150943396226	37.35849056603774	5.951183302814561e-6	0.002999108683566137
