tool	total_calls	pct_high	pct_mid_or_higher	pct_low_or_worse
cosigt	30614	96.73678709087346	97.5926046906644	2.407395309335598
locityper	30570	98.37095191364082	98.73405299313052	1.2659470068694798
