quintile	n_calls	n_genes	total_calls	pct_of_total
Q2: 0.2-0.4	18	9	11674	0.15418879561418536
Q3: 0.4-0.6	237	64	11674	2.030152475586774
Q4: 0.6-0.8	1191	213	11674	10.202158643138599
Q5: 0.8-1.0	10228	325	11674	87.61350008566045
