n_genes	cosigt_better	locityper_better	pct_cosigt_better	pct_locityper_better	median_abs_diff	mean_abs_diff
326	202	124	61.96319018404908	38.03680981595092	5.110147562772381e-4	0.023229460485310237
