tool	total_calls	pct_high	pct_mid_or_higher	pct_low_or_worse
cosigt	24648	79.68192145407335	93.41123012009088	6.588769879909121
locityper	24648	70.41544952937357	84.49772801038624	15.502271989613762
