tool	total_calls	pct_high	pct_mid_or_higher	pct_low_or_worse
cosigt	24648	91.4678675754625	97.14378448555664	2.8562155144433627
locityper	24648	95.48036351833821	98.48669263226225	1.5133073677377475
