n_genes	cosigt_better	locityper_better	pct_cosigt_better	pct_locityper_better	median_abs_diff	mean_abs_diff
326	104	222	31.901840490797547	68.09815950920246	3.961349996768162e-5	0.001318460316887062
